"sample-id	"	"forward-absolute-filepath	reverse-absolute-filepath"
"06162015_P4Lo_-0-10_S0001	/home/iep99624/spruce_its/paired_end_sequences/SP0615-S0001-D2_R1.fastq	/home/iep99624/spruce_its/paired_end_sequences/SP0615-S0001-D2_R2.fastq"	
"06162015_P4Lo_-10-20_S0002	/home/iep99624/spruce_its/paired_end_sequences/SP0615-S0002-D2_R1.fastq	/home/iep99624/spruce_its/paired_end_sequences/SP0615-S0002-D2_R2.fastq"	
"06162015_P4Lo_-20-30_S0003	/home/iep99624/spruce_its/paired_end_sequences/SP0615-S0003-D2_R1.fastq	/home/iep99624/spruce_its/paired_end_sequences/SP0615-S0003-D2_R2.fastq"	
"06162015_P6Lo_-0-10_S0004	/home/iep99624/spruce_its/paired_end_sequences/SP0615-S0004-D2_R1.fastq	/home/iep99624/spruce_its/paired_end_sequences/SP0615-S0004-D2_R2.fastq"	
"06162015_P6Lo_-10-20_S0005	/home/iep99624/spruce_its/paired_end_sequences/SP0615-S0005-D2_R1.fastq	/home/iep99624/spruce_its/paired_end_sequences/SP0615-S0005-D2_R2.fastq"	
"06162015_P6Lo_-20-30_S0006	/home/iep99624/spruce_its/paired_end_sequences/SP0615-S0006-D2_R1.fastq	/home/iep99624/spruce_its/paired_end_sequences/SP0615-S0006-D2_R2.fastq"	
"06162015_P7Lo_-0-10_S0007	/home/iep99624/spruce_its/paired_end_sequences/SP0615-S0007-D2_R1.fastq	/home/iep99624/spruce_its/paired_end_sequences/SP0615-S0007-D2_R2.fastq"	
"06162015_P7Lo_-10-20_S0008	/home/iep99624/spruce_its/paired_end_sequences/SP0615-S0008-D2_R1.fastq	/home/iep99624/spruce_its/paired_end_sequences/SP0615-S0008-D2_R2.fastq"	
"06162015_P7Lo_-20-30_S0009	/home/iep99624/spruce_its/paired_end_sequences/SP0615-S0009-D2_R1.fastq	/home/iep99624/spruce_its/paired_end_sequences/SP0615-S0009-D2_R2.fastq"	
"06162015_P8Lo_-0-10_S0010	/home/iep99624/spruce_its/paired_end_sequences/SP0615-S0010-D2_R1.fastq	/home/iep99624/spruce_its/paired_end_sequences/SP0615-S0010-D2_R2.fastq"	
"06162015_P8Lo_-10-20_S0011	/home/iep99624/spruce_its/paired_end_sequences/SP0615-S0011-D2_R1.fastq	/home/iep99624/spruce_its/paired_end_sequences/SP0615-S0011-D2_R2.fastq"	
"06162015_P8Lo_-20-30_S0012	/home/iep99624/spruce_its/paired_end_sequences/SP0615-S0012-D2_R1.fastq	/home/iep99624/spruce_its/paired_end_sequences/SP0615-S0012-D2_R2.fastq"	
"06162015_P10Lo_-0-10_S0013	/home/iep99624/spruce_its/paired_end_sequences/SP0615-S0013-D2_R1.fastq	/home/iep99624/spruce_its/paired_end_sequences/SP0615-S0013-D2_R2.fastq"	
"06162015_P10Lo_-10-20_S0014	/home/iep99624/spruce_its/paired_end_sequences/SP0615-S0014-D2_R1.fastq	/home/iep99624/spruce_its/paired_end_sequences/SP0615-S0014-D2_R2.fastq"	
"06162015_P10Lo_-20-30_S0015	/home/iep99624/spruce_its/paired_end_sequences/SP0615-S0015-D2_R1.fastq	/home/iep99624/spruce_its/paired_end_sequences/SP0615-S0015-D2_R2.fastq"	
"06162015_P11Lo_-0-10_S0016	/home/iep99624/spruce_its/paired_end_sequences/SP0615-S0016-D2_R1.fastq	/home/iep99624/spruce_its/paired_end_sequences/SP0615-S0016-D2_R2.fastq"	
"06162015_P11Lo_-10-20_S0017	/home/iep99624/spruce_its/paired_end_sequences/SP0615-S0017-D2_R1.fastq	/home/iep99624/spruce_its/paired_end_sequences/SP0615-S0017-D2_R2.fastq"	
"06162015_P11Lo_-20-30_S0018	/home/iep99624/spruce_its/paired_end_sequences/SP0615-S0018-D2_R1.fastq	/home/iep99624/spruce_its/paired_end_sequences/SP0615-S0018-D2_R2.fastq"	
"06162015_P13Lo_-0-10_S0019	/home/iep99624/spruce_its/paired_end_sequences/SP0615-S0019-D2_R1.fastq	/home/iep99624/spruce_its/paired_end_sequences/SP0615-S0019-D2_R2.fastq"	
"06162015_P13Lo_-10-20_S0020	/home/iep99624/spruce_its/paired_end_sequences/SP0615-S0020-D2_R1.fastq	/home/iep99624/spruce_its/paired_end_sequences/SP0615-S0020-D2_R2.fastq"	
"06162015_P13Lo_-20-30_S0021	/home/iep99624/spruce_its/paired_end_sequences/SP0615-S0021-D2_R1.fastq	/home/iep99624/spruce_its/paired_end_sequences/SP0615-S0021-D2_R2.fastq"	
"06162015_P16Lo_-0-10_S0022	/home/iep99624/spruce_its/paired_end_sequences/SP0615-S0022-D2_R1.fastq	/home/iep99624/spruce_its/paired_end_sequences/SP0615-S0022-D2_R2.fastq"	
"06162015_P16Lo_-10-20_S0023	/home/iep99624/spruce_its/paired_end_sequences/SP0615-S0023-D2_R1.fastq	/home/iep99624/spruce_its/paired_end_sequences/SP0615-S0023-D2_R2.fastq"	
"06162015_P16Lo_-20-30_S0024	/home/iep99624/spruce_its/paired_end_sequences/SP0615-S0024-D2_R1.fastq	/home/iep99624/spruce_its/paired_end_sequences/SP0615-S0024-D2_R2.fastq"	
"06162015_P17Lo_-0-10_S0025	/home/iep99624/spruce_its/paired_end_sequences/SP0615-S0025-D2_R1.fastq	/home/iep99624/spruce_its/paired_end_sequences/SP0615-S0025-D2_R2.fastq"	
"06162015_P17Lo_-10-20_S0026	/home/iep99624/spruce_its/paired_end_sequences/SP0615-S0026-D2_R1.fastq	/home/iep99624/spruce_its/paired_end_sequences/SP0615-S0026-D2_R2.fastq"	
"06162015_P17Lo_-20-30_S0027	/home/iep99624/spruce_its/paired_end_sequences/SP0615-S0027-D2_R1.fastq	/home/iep99624/spruce_its/paired_end_sequences/SP0615-S0027-D2_R2.fastq"	
"06162015_P19Lo_-0-10_S0028	/home/iep99624/spruce_its/paired_end_sequences/SP0615-S0028-D2_R1.fastq	/home/iep99624/spruce_its/paired_end_sequences/SP0615-S0028-D2_R2.fastq"	
"06162015_P19Lo_-10-20_S0029	/home/iep99624/spruce_its/paired_end_sequences/SP0615-S0029-D2_R1.fastq	/home/iep99624/spruce_its/paired_end_sequences/SP0615-S0029-D2_R2.fastq"	
"06162015_P19Lo_-20-30_S0030	/home/iep99624/spruce_its/paired_end_sequences/SP0615-S0030-D2_R1.fastq	/home/iep99624/spruce_its/paired_end_sequences/SP0615-S0030-D2_R2.fastq"	
"06162015_P20Lo_-0-10_S0031	/home/iep99624/spruce_its/paired_end_sequences/SP0615-S0031-D2_R1.fastq	/home/iep99624/spruce_its/paired_end_sequences/SP0615-S0031-D2_R2.fastq"	
"06162015_P20Lo_-10-20_S0032	/home/iep99624/spruce_its/paired_end_sequences/SP0615-S0032-D2_R1.fastq	/home/iep99624/spruce_its/paired_end_sequences/SP0615-S0032-D2_R2.fastq"	
"06162015_P20Lo_-20-30_S0033	/home/iep99624/spruce_its/paired_end_sequences/SP0615-S0033-D2_R1.fastq	/home/iep99624/spruce_its/paired_end_sequences/SP0615-S0033-D2_R2.fastq"	
"06162015_P21Lo_-0-10_S0034	/home/iep99624/spruce_its/paired_end_sequences/SP0615-S0034-D2_R1.fastq	/home/iep99624/spruce_its/paired_end_sequences/SP0615-S0034-D2_R2.fastq"	
"06162015_P21Lo_-10-20_S0035	/home/iep99624/spruce_its/paired_end_sequences/SP0615-S0035-D2_R1.fastq	/home/iep99624/spruce_its/paired_end_sequences/SP0615-S0035-D2_R2.fastq"	
"06162015_P21Lo_-20-30_S0036	/home/iep99624/spruce_its/paired_end_sequences/SP0615-S0036-D2_R1.fastq	/home/iep99624/spruce_its/paired_end_sequences/SP0615-S0036-D2_R2.fastq"	
"06162015_P4Hi_+10+20_S0037	/home/iep99624/spruce_its/paired_end_sequences/SP0615-S0037-D2_R1.fastq	/home/iep99624/spruce_its/paired_end_sequences/SP0615-S0037-D2_R2.fastq"	
"06162015_P4Hi_+0+10_S0038	/home/iep99624/spruce_its/paired_end_sequences/SP0615-S0038-D2_R1.fastq	/home/iep99624/spruce_its/paired_end_sequences/SP0615-S0038-D2_R2.fastq"	
"06162015_P4Hi_-0-10_S0039	/home/iep99624/spruce_its/paired_end_sequences/SP0615-S0039-D2_R1.fastq	/home/iep99624/spruce_its/paired_end_sequences/SP0615-S0039-D2_R2.fastq"	
"06162015_P4Hi_-10-20_S0040	/home/iep99624/spruce_its/paired_end_sequences/SP0615-S0040-D2_R1.fastq	/home/iep99624/spruce_its/paired_end_sequences/SP0615-S0040-D2_R2.fastq"	
"06162015_P4Hi_-20-30_S0041	/home/iep99624/spruce_its/paired_end_sequences/SP0615-S0041-D2_R1.fastq	/home/iep99624/spruce_its/paired_end_sequences/SP0615-S0041-D2_R2.fastq"	
"06162015_P6Hi_+10+22_S0042	/home/iep99624/spruce_its/paired_end_sequences/SP0615-S0042-D2_R1.fastq	/home/iep99624/spruce_its/paired_end_sequences/SP0615-S0042-D2_R2.fastq"	
"06162015_P6Hi_+0+10_S0043	/home/iep99624/spruce_its/paired_end_sequences/SP0615-S0043-D2_R1.fastq	/home/iep99624/spruce_its/paired_end_sequences/SP0615-S0043-D2_R2.fastq"	
"06162015_P6Hi_-0-10_S0044	/home/iep99624/spruce_its/paired_end_sequences/SP0615-S0044-D2_R1.fastq	/home/iep99624/spruce_its/paired_end_sequences/SP0615-S0044-D2_R2.fastq"	
"06162015_P6Hi_-10-20_S0045	/home/iep99624/spruce_its/paired_end_sequences/SP0615-S0045-D2_R1.fastq	/home/iep99624/spruce_its/paired_end_sequences/SP0615-S0045-D2_R2.fastq"	
"06162015_P6Hi_-20-30_S0046	/home/iep99624/spruce_its/paired_end_sequences/SP0615-S0046-D2_R1.fastq	/home/iep99624/spruce_its/paired_end_sequences/SP0615-S0046-D2_R2.fastq"	
"06162015_P7Hi_+10+25_S0047	/home/iep99624/spruce_its/paired_end_sequences/SP0615-S0047-D2_R1.fastq	/home/iep99624/spruce_its/paired_end_sequences/SP0615-S0047-D2_R2.fastq"	
"06162015_P7Hi_+0+10_S0048	/home/iep99624/spruce_its/paired_end_sequences/SP0615-S0048-D2_R1.fastq	/home/iep99624/spruce_its/paired_end_sequences/SP0615-S0048-D2_R2.fastq"	
"06162015_P7Hi_-0-10_S0049	/home/iep99624/spruce_its/paired_end_sequences/SP0615-S0049-D2_R1.fastq	/home/iep99624/spruce_its/paired_end_sequences/SP0615-S0049-D2_R2.fastq"	
"06162015_P7Hi_-10-20_S0050	/home/iep99624/spruce_its/paired_end_sequences/SP0615-S0050-D2_R1.fastq	/home/iep99624/spruce_its/paired_end_sequences/SP0615-S0050-D2_R2.fastq"	
"06162015_P7Hi_-20-30_S0051	/home/iep99624/spruce_its/paired_end_sequences/SP0615-S0051-D2_R1.fastq	/home/iep99624/spruce_its/paired_end_sequences/SP0615-S0051-D2_R2.fastq"	
"06162015_P8Hi_+20+30_S0052	/home/iep99624/spruce_its/paired_end_sequences/SP0615-S0052-D2_R1.fastq	/home/iep99624/spruce_its/paired_end_sequences/SP0615-S0052-D2_R2.fastq"	
"06162015_P8Hi_+10+20_S0053	/home/iep99624/spruce_its/paired_end_sequences/SP0615-S0053-D2_R1.fastq	/home/iep99624/spruce_its/paired_end_sequences/SP0615-S0053-D2_R2.fastq"	
"06162015_P8Hi_+0+10_S0054	/home/iep99624/spruce_its/paired_end_sequences/SP0615-S0054-D2_R1.fastq	/home/iep99624/spruce_its/paired_end_sequences/SP0615-S0054-D2_R2.fastq"	
"06162015_P8Hi_-0-10_S0055	/home/iep99624/spruce_its/paired_end_sequences/SP0615-S0055-D2_R1.fastq	/home/iep99624/spruce_its/paired_end_sequences/SP0615-S0055-D2_R2.fastq"	
"06162015_P8Hi_-10-20_S0056	/home/iep99624/spruce_its/paired_end_sequences/SP0615-S0056-D2_R1.fastq	/home/iep99624/spruce_its/paired_end_sequences/SP0615-S0056-D2_R2.fastq"	
"06162015_P8Hi_-20-30_S0057	/home/iep99624/spruce_its/paired_end_sequences/SP0615-S0057-D2_R1.fastq	/home/iep99624/spruce_its/paired_end_sequences/SP0615-S0057-D2_R2.fastq"	
"06162015_P10Hi_+0+10_S0058	/home/iep99624/spruce_its/paired_end_sequences/SP0615-S0058-D2_R1.fastq	/home/iep99624/spruce_its/paired_end_sequences/SP0615-S0058-D2_R2.fastq"	
"06162015_P10Hi_-0-10_S0059	/home/iep99624/spruce_its/paired_end_sequences/SP0615-S0059-D2_R1.fastq	/home/iep99624/spruce_its/paired_end_sequences/SP0615-S0059-D2_R2.fastq"	
"06162015_P10Hi_-10-20_S0060	/home/iep99624/spruce_its/paired_end_sequences/SP0615-S0060-D2_R1.fastq	/home/iep99624/spruce_its/paired_end_sequences/SP0615-S0060-D2_R2.fastq"	
"06162015_P10Hi_-20-30_S0061	/home/iep99624/spruce_its/paired_end_sequences/SP0615-S0061-D2_R1.fastq	/home/iep99624/spruce_its/paired_end_sequences/SP0615-S0061-D2_R2.fastq"	
"06162015_P11Hi_+10+25_S0062	/home/iep99624/spruce_its/paired_end_sequences/SP0615-S0062-D2_R1.fastq	/home/iep99624/spruce_its/paired_end_sequences/SP0615-S0062-D2_R2.fastq"	
"06162015_P11Hi_+0+10_S0063	/home/iep99624/spruce_its/paired_end_sequences/SP0615-S0063-D2_R1.fastq	/home/iep99624/spruce_its/paired_end_sequences/SP0615-S0063-D2_R2.fastq"	
"06162015_P11Hi_-0-10_S0064	/home/iep99624/spruce_its/paired_end_sequences/SP0615-S0064-D2_R1.fastq	/home/iep99624/spruce_its/paired_end_sequences/SP0615-S0064-D2_R2.fastq"	
"06162015_P11Hi_-10-20_S0065	/home/iep99624/spruce_its/paired_end_sequences/SP0615-S0065-D2_R1.fastq	/home/iep99624/spruce_its/paired_end_sequences/SP0615-S0065-D2_R2.fastq"	
"06162015_P11Hi_-20-30_S0066	/home/iep99624/spruce_its/paired_end_sequences/SP0615-S0066-D2_R1.fastq	/home/iep99624/spruce_its/paired_end_sequences/SP0615-S0066-D2_R2.fastq"	
"06162015_P13Hi_+20+35_S0067	/home/iep99624/spruce_its/paired_end_sequences/SP0615-S0067-D2_R1.fastq	/home/iep99624/spruce_its/paired_end_sequences/SP0615-S0067-D2_R2.fastq"	
"06162015_P13Hi_+10+20_S0068	/home/iep99624/spruce_its/paired_end_sequences/SP0615-S0068-D2_R1.fastq	/home/iep99624/spruce_its/paired_end_sequences/SP0615-S0068-D2_R2.fastq"	
"06162015_P13Hi_+0+10_S0069	/home/iep99624/spruce_its/paired_end_sequences/SP0615-S0069-D2_R1.fastq	/home/iep99624/spruce_its/paired_end_sequences/SP0615-S0069-D2_R2.fastq"	
"06162015_P13Hi_-0-10_S0070	/home/iep99624/spruce_its/paired_end_sequences/SP0615-S0070-D2_R1.fastq	/home/iep99624/spruce_its/paired_end_sequences/SP0615-S0070-D2_R2.fastq"	
"06162015_P13Hi_-10-20_S0071	/home/iep99624/spruce_its/paired_end_sequences/SP0615-S0071-D2_R1.fastq	/home/iep99624/spruce_its/paired_end_sequences/SP0615-S0071-D2_R2.fastq"	
"06162015_P13Hi_-20-30_S0072	/home/iep99624/spruce_its/paired_end_sequences/SP0615-S0072-D2_R1.fastq	/home/iep99624/spruce_its/paired_end_sequences/SP0615-S0072-D2_R2.fastq"	
"06162015_P16Hi_+0+17_S0073	/home/iep99624/spruce_its/paired_end_sequences/SP0615-S0073-D2_R1.fastq	/home/iep99624/spruce_its/paired_end_sequences/SP0615-S0073-D2_R2.fastq"	
"06162015_P16Hi_-0-10_S0074	/home/iep99624/spruce_its/paired_end_sequences/SP0615-S0074-D2_R1.fastq	/home/iep99624/spruce_its/paired_end_sequences/SP0615-S0074-D2_R2.fastq"	
"06162015_P16Hi_-10-20_S0075	/home/iep99624/spruce_its/paired_end_sequences/SP0615-S0075-D2_R1.fastq	/home/iep99624/spruce_its/paired_end_sequences/SP0615-S0075-D2_R2.fastq"	
"06162015_P16Hi_-20-30_S0076	/home/iep99624/spruce_its/paired_end_sequences/SP0615-S0076-D2_R1.fastq	/home/iep99624/spruce_its/paired_end_sequences/SP0615-S0076-D2_R2.fastq"	
"06162015_P17Hi_+0+15_S0077	/home/iep99624/spruce_its/paired_end_sequences/SP0615-S0077-D2_R1.fastq	/home/iep99624/spruce_its/paired_end_sequences/SP0615-S0077-D2_R2.fastq"	
"06162015_P17Hi_-0-10_S0078	/home/iep99624/spruce_its/paired_end_sequences/SP0615-S0078-D2_R1.fastq	/home/iep99624/spruce_its/paired_end_sequences/SP0615-S0078-D2_R2.fastq"	
"06162015_P17Hi_-10-20_S0079	/home/iep99624/spruce_its/paired_end_sequences/SP0615-S0079-D2_R1.fastq	/home/iep99624/spruce_its/paired_end_sequences/SP0615-S0079-D2_R2.fastq"	
"06162015_P17Hi_-20-30_S0080	/home/iep99624/spruce_its/paired_end_sequences/SP0615-S0080-D2_R1.fastq	/home/iep99624/spruce_its/paired_end_sequences/SP0615-S0080-D2_R2.fastq"	
"06162015_P19Hi_+20+37_S0081	/home/iep99624/spruce_its/paired_end_sequences/SP0615-S0081-D2_R1.fastq	/home/iep99624/spruce_its/paired_end_sequences/SP0615-S0081-D2_R2.fastq"	
"06162015_P19Hi_+10+20_S0082	/home/iep99624/spruce_its/paired_end_sequences/SP0615-S0082-D2_R1.fastq	/home/iep99624/spruce_its/paired_end_sequences/SP0615-S0082-D2_R2.fastq"	
"06162015_P19Hi_+0+10_S0083	/home/iep99624/spruce_its/paired_end_sequences/SP0615-S0083-D2_R1.fastq	/home/iep99624/spruce_its/paired_end_sequences/SP0615-S0083-D2_R2.fastq"	
"06162015_P19Hi_-0-10_S0084	/home/iep99624/spruce_its/paired_end_sequences/SP0615-S0084-D2_R1.fastq	/home/iep99624/spruce_its/paired_end_sequences/SP0615-S0084-D2_R2.fastq"	
"06162015_P19Hi_-10-20_S0085	/home/iep99624/spruce_its/paired_end_sequences/SP0615-S0085-D2_R1.fastq	/home/iep99624/spruce_its/paired_end_sequences/SP0615-S0085-D2_R2.fastq"	
"06162015_P19Hi_-20-30_S0086	/home/iep99624/spruce_its/paired_end_sequences/SP0615-S0086-D2_R1.fastq	/home/iep99624/spruce_its/paired_end_sequences/SP0615-S0086-D2_R2.fastq"	
"06162015_P20Hi_+10+20_S0087	/home/iep99624/spruce_its/paired_end_sequences/SP0615-S0087-D2_R1.fastq	/home/iep99624/spruce_its/paired_end_sequences/SP0615-S0087-D2_R2.fastq"	
"06162015_P20Hi_+0+10_S0088	/home/iep99624/spruce_its/paired_end_sequences/SP0615-S0088-D2_R1.fastq	/home/iep99624/spruce_its/paired_end_sequences/SP0615-S0088-D2_R2.fastq"	
"06162015_P20Hi_-0-10_S0089	/home/iep99624/spruce_its/paired_end_sequences/SP0615-S0089-D2_R1.fastq	/home/iep99624/spruce_its/paired_end_sequences/SP0615-S0089-D2_R2.fastq"	
"06162015_P20Hi_-10-20_S0090	/home/iep99624/spruce_its/paired_end_sequences/SP0615-S0090-D2_R1.fastq	/home/iep99624/spruce_its/paired_end_sequences/SP0615-S0090-D2_R2.fastq"	
"06162015_P20Hi_-20-30_S0091	/home/iep99624/spruce_its/paired_end_sequences/SP0615-S0091-D2_R1.fastq	/home/iep99624/spruce_its/paired_end_sequences/SP0615-S0091-D2_R2.fastq"	
"06162015_P21Hi_+0+17_S0092	/home/iep99624/spruce_its/paired_end_sequences/SP0615-S0092-D2_R1.fastq	/home/iep99624/spruce_its/paired_end_sequences/SP0615-S0092-D2_R2.fastq"	
"06162015_P21Hi_-0-10_S0093	/home/iep99624/spruce_its/paired_end_sequences/SP0615-S0093-D2_R1.fastq	/home/iep99624/spruce_its/paired_end_sequences/SP0615-S0093-D2_R2.fastq"	
"06162015_P21Hi_-10-20_S0094	/home/iep99624/spruce_its/paired_end_sequences/SP0615-S0094-D2_R1.fastq	/home/iep99624/spruce_its/paired_end_sequences/SP0615-S0094-D2_R2.fastq"	
"06162015_P21Hi_-20-30_S0095	/home/iep99624/spruce_its/paired_end_sequences/SP0615-S0095-D2_R1.fastq	/home/iep99624/spruce_its/paired_end_sequences/SP0615-S0095-D2_R2.fastq"	
"08212016_P4Lo_-0-10_S0588	/home/iep99624/spruce_its/paired_end_sequences/SP0816-S0588-D2_R1.fastq	/home/iep99624/spruce_its/paired_end_sequences/SP0816-S0588-D2_R2.fastq"	
"08212016_P6Lo_-0-10_S0591	/home/iep99624/spruce_its/paired_end_sequences/SP0816-S0591-D2_R1.fastq	/home/iep99624/spruce_its/paired_end_sequences/SP0816-S0591-D2_R2.fastq"	
"08212016_P7Lo_-0-10_S0594	/home/iep99624/spruce_its/paired_end_sequences/SP0816-S0594-D2_R1.fastq	/home/iep99624/spruce_its/paired_end_sequences/SP0816-S0594-D2_R2.fastq"	
"08212016_P8Lo_-0-10_S0597	/home/iep99624/spruce_its/paired_end_sequences/SP0816-S0597-D2_R1.fastq	/home/iep99624/spruce_its/paired_end_sequences/SP0816-S0597-D2_R2.fastq"	
"08212016_P10Lo_-0-10_S0600	/home/iep99624/spruce_its/paired_end_sequences/SP0816-S0600-D2_R1.fastq	/home/iep99624/spruce_its/paired_end_sequences/SP0816-S0600-D2_R2.fastq"	
"08212016_P11Lo_-0-10_S0603	/home/iep99624/spruce_its/paired_end_sequences/SP0816-S0603-D2_R1.fastq	/home/iep99624/spruce_its/paired_end_sequences/SP0816-S0603-D2_R2.fastq"	
"08212016_P13Lo_-0-10_S0606	/home/iep99624/spruce_its/paired_end_sequences/SP0816-S0606-D2_R1.fastq	/home/iep99624/spruce_its/paired_end_sequences/SP0816-S0606-D2_R2.fastq"	
"08212016_P16Lo_-0-10_S0609	/home/iep99624/spruce_its/paired_end_sequences/SP0816-S0609-D2_R1.fastq	/home/iep99624/spruce_its/paired_end_sequences/SP0816-S0609-D2_R2.fastq"	
"08212016_P17Lo_-0-10_S0612	/home/iep99624/spruce_its/paired_end_sequences/SP0816-S0612-D2_R1.fastq	/home/iep99624/spruce_its/paired_end_sequences/SP0816-S0612-D2_R2.fastq"	
"08212016_P19Lo_-0-10_S0615	/home/iep99624/spruce_its/paired_end_sequences/SP0816-S0615-D2_R1.fastq	/home/iep99624/spruce_its/paired_end_sequences/SP0816-S0615-D2_R2.fastq"	
"08212016_P20Lo_-0-10_S0618	/home/iep99624/spruce_its/paired_end_sequences/SP0816-S0618-D2_R1.fastq	/home/iep99624/spruce_its/paired_end_sequences/SP0816-S0618-D2_R2.fastq"	
"08212016_P21Lo_-0-10_S0621	/home/iep99624/spruce_its/paired_end_sequences/SP0816-S0621-D2_R1.fastq	/home/iep99624/spruce_its/paired_end_sequences/SP0816-S0621-D2_R2.fastq"	
"08212016_P4Hi_+0+15_S0624	/home/iep99624/spruce_its/paired_end_sequences/SP0816-S0624-D2_R1.fastq	/home/iep99624/spruce_its/paired_end_sequences/SP0816-S0624-D2_R2.fastq"	
"08212016_P4Hi_-0-10_S0625	/home/iep99624/spruce_its/paired_end_sequences/SP0816-S0625-D2_R1.fastq	/home/iep99624/spruce_its/paired_end_sequences/SP0816-S0625-D2_R2.fastq"	
"08212016_P6Hi_+20+33_S0628	/home/iep99624/spruce_its/paired_end_sequences/SP0816-S0628-D2_R1.fastq	/home/iep99624/spruce_its/paired_end_sequences/SP0816-S0628-D2_R2.fastq"	
"08212016_P6Hi_+10+20_S0629	/home/iep99624/spruce_its/paired_end_sequences/SP0816-S0629-D2_R1.fastq	/home/iep99624/spruce_its/paired_end_sequences/SP0816-S0629-D2_R2.fastq"	
"08212016_P6Hi_+0+10_S0630	/home/iep99624/spruce_its/paired_end_sequences/SP0816-S0630-D2_R1.fastq	/home/iep99624/spruce_its/paired_end_sequences/SP0816-S0630-D2_R2.fastq"	
"08212016_P6Hi_-0-10_S0631	/home/iep99624/spruce_its/paired_end_sequences/SP0816-S0631-D2_R1.fastq	/home/iep99624/spruce_its/paired_end_sequences/SP0816-S0631-D2_R2.fastq"	
"08212016_P7Hi_+10+23_S0634	/home/iep99624/spruce_its/paired_end_sequences/SP0816-S0634-D2_R1.fastq	/home/iep99624/spruce_its/paired_end_sequences/SP0816-S0634-D2_R2.fastq"	
"08212016_P7Hi_+0+10_S0635	/home/iep99624/spruce_its/paired_end_sequences/SP0816-S0635-D2_R1.fastq	/home/iep99624/spruce_its/paired_end_sequences/SP0816-S0635-D2_R2.fastq"	
"08212016_P7Hi_-0-10_S0636	/home/iep99624/spruce_its/paired_end_sequences/SP0816-S0636-D2_R1.fastq	/home/iep99624/spruce_its/paired_end_sequences/SP0816-S0636-D2_R2.fastq"	
"08212016_P8Hi_+10+20_S0639	/home/iep99624/spruce_its/paired_end_sequences/SP0816-S0639-D2_R1.fastq	/home/iep99624/spruce_its/paired_end_sequences/SP0816-S0639-D2_R2.fastq"	
"08212016_P8Hi_+0+10_S0640	/home/iep99624/spruce_its/paired_end_sequences/SP0816-S0640-D2_R1.fastq	/home/iep99624/spruce_its/paired_end_sequences/SP0816-S0640-D2_R2.fastq"	
"08212016_P8Hi_-0-10_S0641	/home/iep99624/spruce_its/paired_end_sequences/SP0816-S0641-D2_R1.fastq	/home/iep99624/spruce_its/paired_end_sequences/SP0816-S0641-D2_R2.fastq"	
"08212016_P10Hi_+10+22_S0644	/home/iep99624/spruce_its/paired_end_sequences/SP0816-S0644-D2_R1.fastq	/home/iep99624/spruce_its/paired_end_sequences/SP0816-S0644-D2_R2.fastq"	
"08212016_P10Hi_+0+10_S0645	/home/iep99624/spruce_its/paired_end_sequences/SP0816-S0645-D2_R1.fastq	/home/iep99624/spruce_its/paired_end_sequences/SP0816-S0645-D2_R2.fastq"	
"08212016_P10Hi_-0-10_S0646	/home/iep99624/spruce_its/paired_end_sequences/SP0816-S0646-D2_R1.fastq	/home/iep99624/spruce_its/paired_end_sequences/SP0816-S0646-D2_R2.fastq"	
"08212016_P11Hi_+10+20_S0649	/home/iep99624/spruce_its/paired_end_sequences/SP0816-S0649-D2_R1.fastq	/home/iep99624/spruce_its/paired_end_sequences/SP0816-S0649-D2_R2.fastq"	
"08212016_P11Hi_+0+10_S0650	/home/iep99624/spruce_its/paired_end_sequences/SP0816-S0650-D2_R1.fastq	/home/iep99624/spruce_its/paired_end_sequences/SP0816-S0650-D2_R2.fastq"	
"08212016_P11Hi_-0-10_S0651	/home/iep99624/spruce_its/paired_end_sequences/SP0816-S0651-D2_R1.fastq	/home/iep99624/spruce_its/paired_end_sequences/SP0816-S0651-D2_R2.fastq"	
"08212016_P13Hi_+0+12_S0654	/home/iep99624/spruce_its/paired_end_sequences/SP0816-S0654-D2_R1.fastq	/home/iep99624/spruce_its/paired_end_sequences/SP0816-S0654-D2_R2.fastq"	
"08212016_P13Hi_-0-10_S0655	/home/iep99624/spruce_its/paired_end_sequences/SP0816-S0655-D2_R1.fastq	/home/iep99624/spruce_its/paired_end_sequences/SP0816-S0655-D2_R2.fastq"	
"08212016_P16Hi_+10+20_S0658	/home/iep99624/spruce_its/paired_end_sequences/SP0816-S0658-D2_R1.fastq	/home/iep99624/spruce_its/paired_end_sequences/SP0816-S0658-D2_R2.fastq"	
"08212016_P16Hi_+0+10_S0659	/home/iep99624/spruce_its/paired_end_sequences/SP0816-S0659-D2_R1.fastq	/home/iep99624/spruce_its/paired_end_sequences/SP0816-S0659-D2_R2.fastq"	
"08212016_P16Hi_-0-10_S0660	/home/iep99624/spruce_its/paired_end_sequences/SP0816-S0660-D2_R1.fastq	/home/iep99624/spruce_its/paired_end_sequences/SP0816-S0660-D2_R2.fastq"	
"08212016_P17Hi_+10+27_S0663	/home/iep99624/spruce_its/paired_end_sequences/SP0816-S0663-D2_R1.fastq	/home/iep99624/spruce_its/paired_end_sequences/SP0816-S0663-D2_R2.fastq"	
"08212016_P17Hi_+0+10_S0664	/home/iep99624/spruce_its/paired_end_sequences/SP0816-S0664-D2_R1.fastq	/home/iep99624/spruce_its/paired_end_sequences/SP0816-S0664-D2_R2.fastq"	
"08212016_P17Hi_-0-10_S0665	/home/iep99624/spruce_its/paired_end_sequences/SP0816-S0665-D2_R1.fastq	/home/iep99624/spruce_its/paired_end_sequences/SP0816-S0665-D2_R2.fastq"	
"08212016_P19Hi_+10+23_S0668	/home/iep99624/spruce_its/paired_end_sequences/SP0816-S0668-D2_R1.fastq	/home/iep99624/spruce_its/paired_end_sequences/SP0816-S0668-D2_R2.fastq"	
"08212016_P19Hi_+0+10_S0669	/home/iep99624/spruce_its/paired_end_sequences/SP0816-S0669-D2_R1.fastq	/home/iep99624/spruce_its/paired_end_sequences/SP0816-S0669-D2_R2.fastq"	
"08212016_P19Hi_-0-10_S0670	/home/iep99624/spruce_its/paired_end_sequences/SP0816-S0670-D2_R1.fastq	/home/iep99624/spruce_its/paired_end_sequences/SP0816-S0670-D2_R2.fastq"	
"08212016_P20Hi_+0+15_S0673	/home/iep99624/spruce_its/paired_end_sequences/SP0816-S0673-D2_R1.fastq	/home/iep99624/spruce_its/paired_end_sequences/SP0816-S0673-D2_R2.fastq"	
"08212016_P20Hi_-0-10_S0674	/home/iep99624/spruce_its/paired_end_sequences/SP0816-S0674-D2_R1.fastq	/home/iep99624/spruce_its/paired_end_sequences/SP0816-S0674-D2_R2.fastq"	
"08212016_P21Hi_+10+20_S0677	/home/iep99624/spruce_its/paired_end_sequences/SP0816-S0677-D2_R1.fastq	/home/iep99624/spruce_its/paired_end_sequences/SP0816-S0677-D2_R2.fastq"	
"08212016_P21Hi_+0-10_S0678	/home/iep99624/spruce_its/paired_end_sequences/SP0816-S0678-D2_R1.fastq	/home/iep99624/spruce_its/paired_end_sequences/SP0816-S0678-D2_R2.fastq"	
"08212016_P21Hi_-0-10_S0679	/home/iep99624/spruce_its/paired_end_sequences/SP0816-S0679-D2_R1.fastq	/home/iep99624/spruce_its/paired_end_sequences/SP0816-S0679-D2_R2.fastq"	
"08192016_P4Lo_-0-10_S0682	/home/iep99624/spruce_its/paired_end_sequences/SP0816-S0682-D2_R1.fastq	/home/iep99624/spruce_its/paired_end_sequences/SP0816-S0682-D2_R2.fastq"	
"08192016_P6Lo_-0-10_S0685	/home/iep99624/spruce_its/paired_end_sequences/SP0816-S0685-D2_R1.fastq	/home/iep99624/spruce_its/paired_end_sequences/SP0816-S0685-D2_R2.fastq"	
"08192016_P7Lo_-0-10_S0688	/home/iep99624/spruce_its/paired_end_sequences/SP0816-S0688-D2_R1.fastq	/home/iep99624/spruce_its/paired_end_sequences/SP0816-S0688-D2_R2.fastq"	
"08192016_P8Lo_-0-10_S0691	/home/iep99624/spruce_its/paired_end_sequences/SP0816-S0691-D2_R1.fastq	/home/iep99624/spruce_its/paired_end_sequences/SP0816-S0691-D2_R2.fastq"	
"08192016_P10Lo_-0-10_S0694	/home/iep99624/spruce_its/paired_end_sequences/SP0816-S0694-D2_R1.fastq	/home/iep99624/spruce_its/paired_end_sequences/SP0816-S0694-D2_R2.fastq"	
"08192016_P11Lo_-0-10_S0697	/home/iep99624/spruce_its/paired_end_sequences/SP0816-S0697-D2_R1.fastq	/home/iep99624/spruce_its/paired_end_sequences/SP0816-S0697-D2_R2.fastq"	
"08192016_P13Lo_-0-10_S0700	/home/iep99624/spruce_its/paired_end_sequences/SP0816-S0700-D2_R1.fastq	/home/iep99624/spruce_its/paired_end_sequences/SP0816-S0700-D2_R2.fastq"	
"08192016_P16Lo_-0-10_S0703	/home/iep99624/spruce_its/paired_end_sequences/SP0816-S0703-D2_R1.fastq	/home/iep99624/spruce_its/paired_end_sequences/SP0816-S0703-D2_R2.fastq"	
"08192016_P17Lo_-0-10_S0706	/home/iep99624/spruce_its/paired_end_sequences/SP0816-S0706-D2_R1.fastq	/home/iep99624/spruce_its/paired_end_sequences/SP0816-S0706-D2_R2.fastq"	
"08192016_P19Lo_-0-10_S0709	/home/iep99624/spruce_its/paired_end_sequences/SP0816-S0709-D2_R1.fastq	/home/iep99624/spruce_its/paired_end_sequences/SP0816-S0709-D2_R2.fastq"	
"08192016_P20Lo_-0-10_S0712	/home/iep99624/spruce_its/paired_end_sequences/SP0816-S0712-D2_R1.fastq	/home/iep99624/spruce_its/paired_end_sequences/SP0816-S0712-D2_R2.fastq"	
"08192016_P21Lo_-0-10_S0715	/home/iep99624/spruce_its/paired_end_sequences/SP0816-S0715-D2_R1.fastq	/home/iep99624/spruce_its/paired_end_sequences/SP0816-S0715-D2_R2.fastq"	
"08192016_P4Hi_+0+10_S0719	/home/iep99624/spruce_its/paired_end_sequences/SP0816-S0719-D2_R1.fastq	/home/iep99624/spruce_its/paired_end_sequences/SP0816-S0719-D2_R2.fastq"	
"08192016_P4Hi_-0-10_S0720	/home/iep99624/spruce_its/paired_end_sequences/SP0816-S0720-D2_R1.fastq	/home/iep99624/spruce_its/paired_end_sequences/SP0816-S0720-D2_R2.fastq"	
"08192016_P6Hi_+10+22_S0723	/home/iep99624/spruce_its/paired_end_sequences/SP0816-S0723-D2_R1.fastq	/home/iep99624/spruce_its/paired_end_sequences/SP0816-S0723-D2_R2.fastq"	
"08192016_P6Hi_+0+10_S0724	/home/iep99624/spruce_its/paired_end_sequences/SP0816-S0724-D2_R1.fastq	/home/iep99624/spruce_its/paired_end_sequences/SP0816-S0724-D2_R2.fastq"	
"08192016_P6Hi_-0-10_S0725	/home/iep99624/spruce_its/paired_end_sequences/SP0816-S0725-D2_R1.fastq	/home/iep99624/spruce_its/paired_end_sequences/SP0816-S0725-D2_R2.fastq"	
"08192016_P7Hi_+10+25_S0728	/home/iep99624/spruce_its/paired_end_sequences/SP0816-S0728-D2_R1.fastq	/home/iep99624/spruce_its/paired_end_sequences/SP0816-S0728-D2_R2.fastq"	
"08192016_P7Hi_+0+10_S0729	/home/iep99624/spruce_its/paired_end_sequences/SP0816-S0729-D2_R1.fastq	/home/iep99624/spruce_its/paired_end_sequences/SP0816-S0729-D2_R2.fastq"	
"08192016_P7Hi_-0-10_S0730	/home/iep99624/spruce_its/paired_end_sequences/SP0816-S0730-D2_R1.fastq	/home/iep99624/spruce_its/paired_end_sequences/SP0816-S0730-D2_R2.fastq"	
"08192016_P8Hi_+20+30_S0733	/home/iep99624/spruce_its/paired_end_sequences/SP0816-S0733-D2_R1.fastq	/home/iep99624/spruce_its/paired_end_sequences/SP0816-S0733-D2_R2.fastq"	
"08192016_P8Hi_+10+20_S0734	/home/iep99624/spruce_its/paired_end_sequences/SP0816-S0734-D2_R1.fastq	/home/iep99624/spruce_its/paired_end_sequences/SP0816-S0734-D2_R2.fastq"	
"08192016_P8Hi_+0+10_S0735	/home/iep99624/spruce_its/paired_end_sequences/SP0816-S0735-D2_R1.fastq	/home/iep99624/spruce_its/paired_end_sequences/SP0816-S0735-D2_R2.fastq"	
"08192016_P8Hi_-0-10_S0736	/home/iep99624/spruce_its/paired_end_sequences/SP0816-S0736-D2_R1.fastq	/home/iep99624/spruce_its/paired_end_sequences/SP0816-S0736-D2_R2.fastq"	
"08192016_P10Hi_+0+10_S0739	/home/iep99624/spruce_its/paired_end_sequences/SP0816-S0739-D2_R1.fastq	/home/iep99624/spruce_its/paired_end_sequences/SP0816-S0739-D2_R2.fastq"	
"08192016_P10Hi_-0-10_S0740	/home/iep99624/spruce_its/paired_end_sequences/SP0816-S0740-D2_R1.fastq	/home/iep99624/spruce_its/paired_end_sequences/SP0816-S0740-D2_R2.fastq"	
"08192016_P11Hi_+10+25_S0743	/home/iep99624/spruce_its/paired_end_sequences/SP0816-S0743-D2_R1.fastq	/home/iep99624/spruce_its/paired_end_sequences/SP0816-S0743-D2_R2.fastq"	
"08192016_P11Hi_+0+10_S0744	/home/iep99624/spruce_its/paired_end_sequences/SP0816-S0744-D2_R1.fastq	/home/iep99624/spruce_its/paired_end_sequences/SP0816-S0744-D2_R2.fastq"	
"08192016_P11Hi_-0-10_S0745	/home/iep99624/spruce_its/paired_end_sequences/SP0816-S0745-D2_R1.fastq	/home/iep99624/spruce_its/paired_end_sequences/SP0816-S0745-D2_R2.fastq"	
"08192016_P13Hi_+10+20_S0749	/home/iep99624/spruce_its/paired_end_sequences/SP0816-S0749-D2_R1.fastq	/home/iep99624/spruce_its/paired_end_sequences/SP0816-S0749-D2_R2.fastq"	
"08192016_P13Hi_+0+10_S0750	/home/iep99624/spruce_its/paired_end_sequences/SP0816-S0750-D2_R1.fastq	/home/iep99624/spruce_its/paired_end_sequences/SP0816-S0750-D2_R2.fastq"	
"08192016_P13Hi_-0-10_S0751	/home/iep99624/spruce_its/paired_end_sequences/SP0816-S0751-D2_R1.fastq	/home/iep99624/spruce_its/paired_end_sequences/SP0816-S0751-D2_R2.fastq"	
"08192016_P16Hi_+0+17_S0754	/home/iep99624/spruce_its/paired_end_sequences/SP0816-S0754-D2_R1.fastq	/home/iep99624/spruce_its/paired_end_sequences/SP0816-S0754-D2_R2.fastq"	
"08192016_P16Hi_-0-10_S0755	/home/iep99624/spruce_its/paired_end_sequences/SP0816-S0755-D2_R1.fastq	/home/iep99624/spruce_its/paired_end_sequences/SP0816-S0755-D2_R2.fastq"	
"08192016_P17Hi_+0+10_S0758	/home/iep99624/spruce_its/paired_end_sequences/SP0816-S0758-D2_R1.fastq	/home/iep99624/spruce_its/paired_end_sequences/SP0816-S0758-D2_R2.fastq"	
"08192016_P17Hi_-0-10_S0759	/home/iep99624/spruce_its/paired_end_sequences/SP0816-S0759-D2_R1.fastq	/home/iep99624/spruce_its/paired_end_sequences/SP0816-S0759-D2_R2.fastq"	
"08192016_P19Hi_+20+37_S0762	/home/iep99624/spruce_its/paired_end_sequences/SP0816-S0762-D2_R1.fastq	/home/iep99624/spruce_its/paired_end_sequences/SP0816-S0762-D2_R2.fastq"	
"08192016_P19Hi_+10+20_S0763	/home/iep99624/spruce_its/paired_end_sequences/SP0816-S0763-D2_R1.fastq	/home/iep99624/spruce_its/paired_end_sequences/SP0816-S0763-D2_R2.fastq"	
"08192016_P19Hi_+0+10_S0764	/home/iep99624/spruce_its/paired_end_sequences/SP0816-S0764-D2_R1.fastq	/home/iep99624/spruce_its/paired_end_sequences/SP0816-S0764-D2_R2.fastq"	
"08192016_P19Hi_-0-10_S0765	/home/iep99624/spruce_its/paired_end_sequences/SP0816-S0765-D2_R1.fastq	/home/iep99624/spruce_its/paired_end_sequences/SP0816-S0765-D2_R2.fastq"	
"08192016_P20Hi_+10+20_S0768	/home/iep99624/spruce_its/paired_end_sequences/SP0816-S0768-D2_R1.fastq	/home/iep99624/spruce_its/paired_end_sequences/SP0816-S0768-D2_R2.fastq"	
"08192016_P20Hi_+0+10_S0769	/home/iep99624/spruce_its/paired_end_sequences/SP0816-S0769-D2_R1.fastq	/home/iep99624/spruce_its/paired_end_sequences/SP0816-S0769-D2_R2.fastq"	
"08192016_P20Hi_-0-10_S0770	/home/iep99624/spruce_its/paired_end_sequences/SP0816-S0770-D2_R1.fastq	/home/iep99624/spruce_its/paired_end_sequences/SP0816-S0770-D2_R2.fastq"	
"08192016_P21Hi_+0+17_S0773	/home/iep99624/spruce_its/paired_end_sequences/SP0816-S0773-D2_R1.fastq	/home/iep99624/spruce_its/paired_end_sequences/SP0816-S0773-D2_R2.fastq"	
"08192016_P21Hi_-0-10_S0774	/home/iep99624/spruce_its/paired_end_sequences/SP0816-S0774-D2_R1.fastq	/home/iep99624/spruce_its/paired_end_sequences/SP0816-S0774-D2_R2.fastq"	
